r_times,cdf,ref
0,0,0
1.5342500000000001,0,0
1.5342500000000001,0.0012987012987012987,0.0012970168612191958
3.708686732659494,0.0012987012987012987,0.0012970168612191958
3.708686732659494,0.0025974025974025974,0.0025940337224383916
4.294838965276005,0.0025974025974025974,0.0025940337224383916
4.294838965276005,0.003896103896103896,0.0038910505836575876
5.052812357896083,0.003896103896103896,0.0038910505836575876
5.052812357896083,0.005194805194805195,0.005188067444876783
5.844607080576347,0.005194805194805195,0.005188067444876783
5.844607080576347,0.006493506493506494,0.00648508430609598
6.624913954095984,0.006493506493506494,0.00648508430609598
6.624913954095984,0.007792207792207792,0.007782101167315175
6.901427189109027,0.007792207792207792,0.007782101167315175
6.901427189109027,0.00909090909090909,0.009079118028534372
8.401547841762065,0.00909090909090909,0.009079118028534372
8.401547841762065,0.01038961038961039,0.010376134889753566
9.288933170304976,0.01038961038961039,0.010376134889753566
9.288933170304976,0.011688311688311689,0.011673151750972763
11.104556519250389,0.011688311688311689,0.011673151750972763
11.104556519250389,0.012987012987012988,0.01297016861219196
11.448654772285453,0.012987012987012988,0.01297016861219196
11.448654772285453,0.014285714285714285,0.014267185473411154
12.561362128399871,0.014285714285714285,0.014267185473411154
12.561362128399871,0.015584415584415584,0.01556420233463035
13.065382262883794,0.015584415584415584,0.01556420233463035
13.065382262883794,0.016883116883116882,0.016861219195849545
14.524258744144984,0.016883116883116882,0.016861219195849545
14.524258744144984,0.01818181818181818,0.018158236057068743
14.984782448998537,0.01818181818181818,0.018158236057068743
14.984782448998537,0.01948051948051948,0.019455252918287938
15.775790935105087,0.01948051948051948,0.019455252918287938
15.775790935105087,0.02077922077922078,0.020752269779507133
17.212780413915354,0.02077922077922078,0.020752269779507133
17.212780413915354,0.02207792207792208,0.02204928664072633
19.98436746104895,0.02207792207792208,0.02204928664072633
19.98436746104895,0.023376623376623377,0.023346303501945526
20.881280916456202,0.023376623376623377,0.023346303501945526
20.881280916456202,0.024675324675324677,0.02464332036316472
21.40582539644211,0.024675324675324677,0.02464332036316472
21.40582539644211,0.025974025974025976,0.02594033722438392
22.104751757495713,0.025974025974025976,0.02594033722438392
22.104751757495713,0.02727272727272727,0.027237354085603113
23.274759406100994,0.02727272727272727,0.027237354085603113
23.274759406100994,0.02857142857142857,0.028534370946822308
23.98225738682021,0.02857142857142857,0.028534370946822308
23.98225738682021,0.02987012987012987,0.029831387808041506
24.384303487851657,0.02987012987012987,0.029831387808041506
24.384303487851657,0.03116883116883117,0.0311284046692607
24.941597499072365,0.03116883116883117,0.0311284046692607
24.941597499072365,0.032467532467532464,0.0324254215304799
25.401260078012694,0.032467532467532464,0.0324254215304799
25.401260078012694,0.033766233766233764,0.03372243839169909
25.69182595983689,0.033766233766233764,0.03372243839169909
25.69182595983689,0.03506493506493506,0.03501945525291829
28.29114530856686,0.03506493506493506,0.03501945525291829
28.29114530856686,0.03636363636363636,0.03631647211413749
28.795528622081978,0.03636363636363636,0.03631647211413749
28.795528622081978,0.03766233766233766,0.03761348897535668
30.166631242028107,0.03766233766233766,0.03761348897535668
30.166631242028107,0.03896103896103896,0.038910505836575876
30.831678979296633,0.03896103896103896,0.038910505836575876
30.831678979296633,0.04025974025974026,0.040207522697795074
31.200947436382695,0.04025974025974026,0.040207522697795074
31.200947436382695,0.04155844155844156,0.041504539559014265
36.91315376954803,0.04155844155844156,0.041504539559014265
36.91315376954803,0.04285714285714286,0.042801556420233464
38.57015405610488,0.04285714285714286,0.042801556420233464
38.57015405610488,0.04415584415584416,0.04409857328145266
40.78758588387328,0.04415584415584416,0.04409857328145266
40.78758588387328,0.045454545454545456,0.04539559014267185
41.857921896838135,0.045454545454545456,0.04539559014267185
41.857921896838135,0.046753246753246755,0.04669260700389105
42.4861957863383,0.046753246753246755,0.04669260700389105
42.4861957863383,0.048051948051948054,0.04798962386511025
43.12769791339374,0.048051948051948054,0.04798962386511025
43.12769791339374,0.04935064935064935,0.04928664072632944
43.32121328367235,0.04935064935064935,0.04928664072632944
43.32121328367235,0.05064935064935065,0.05058365758754864
44.454463642279606,0.05064935064935065,0.05058365758754864
44.454463642279606,0.05194805194805195,0.05188067444876784
44.598205070521985,0.05194805194805195,0.05188067444876784
44.598205070521985,0.053246753246753244,0.05317769130998703
45.23418821231387,0.053246753246753244,0.05317769130998703
45.23418821231387,0.05454545454545454,0.054474708171206226
45.65055288670284,0.05454545454545454,0.054474708171206226
45.65055288670284,0.05584415584415584,0.055771725032425425
45.963741330099836,0.05584415584415584,0.055771725032425425
45.963741330099836,0.05714285714285714,0.057068741893644616
46.33476684969621,0.05714285714285714,0.057068741893644616
46.33476684969621,0.05844155844155844,0.058365758754863814
46.68534035936062,0.05844155844155844,0.058365758754863814
46.68534035936062,0.05974025974025974,0.05966277561608301
47.43724152774543,0.05974025974025974,0.05966277561608301
47.43724152774543,0.06103896103896104,0.060959792477302203
47.75583094137309,0.06103896103896104,0.060959792477302203
47.75583094137309,0.06233766233766234,0.0622568093385214
48.20147906056843,0.06233766233766234,0.0622568093385214
48.20147906056843,0.06363636363636363,0.06355382619974059
49.43661960580597,0.06363636363636363,0.06355382619974059
49.43661960580597,0.06493506493506493,0.0648508430609598
49.95716926201314,0.06493506493506493,0.0648508430609598
49.95716926201314,0.06623376623376623,0.06614785992217899
50.33638698394749,0.06623376623376623,0.06614785992217899
50.33638698394749,0.06753246753246753,0.06744487678339818
51.93650538310493,0.06753246753246753,0.06744487678339818
51.93650538310493,0.06883116883116883,0.06874189364461739
52.89337617224223,0.06883116883116883,0.06874189364461739
52.89337617224223,0.07012987012987013,0.07003891050583658
53.30341021226702,0.07012987012987013,0.07003891050583658
53.30341021226702,0.07142857142857142,0.07133592736705577
53.60622924040575,0.07142857142857142,0.07133592736705577
53.60622924040575,0.07272727272727272,0.07263294422827497
54.26492924078028,0.07272727272727272,0.07263294422827497
54.26492924078028,0.07402597402597402,0.07392996108949416
55.77189691124969,0.07402597402597402,0.07392996108949416
55.77189691124969,0.07532467532467532,0.07522697795071336
56.73968812949559,0.07532467532467532,0.07522697795071336
56.73968812949559,0.07662337662337662,0.07652399481193256
57.40102261738407,0.07662337662337662,0.07652399481193256
57.40102261738407,0.07792207792207792,0.07782101167315175
57.81248763861416,0.07792207792207792,0.07782101167315175
57.81248763861416,0.07922077922077922,0.07911802853437094
58.37509802564836,0.07922077922077922,0.07911802853437094
58.37509802564836,0.08051948051948052,0.08041504539559015
59.59498716642648,0.08051948051948052,0.08041504539559015
59.59498716642648,0.08181818181818182,0.08171206225680934
60.81704646412895,0.08181818181818182,0.08171206225680934
60.81704646412895,0.08311688311688312,0.08300907911802853
61.61595894323885,0.08311688311688312,0.08300907911802853
61.61595894323885,0.08441558441558442,0.08430609597924774
62.42338182080758,0.08441558441558442,0.08430609597924774
62.42338182080758,0.08571428571428572,0.08560311284046693
62.89084533612251,0.08571428571428572,0.08560311284046693
62.89084533612251,0.08701298701298701,0.08690012970168612
64.75844297402492,0.08701298701298701,0.08690012970168612
64.75844297402492,0.08831168831168831,0.08819714656290532
65.90872726864683,0.08831168831168831,0.08819714656290532
65.90872726864683,0.08961038961038961,0.08949416342412451
66.95782333125705,0.08961038961038961,0.08949416342412451
66.95782333125705,0.09090909090909091,0.0907911802853437
68.33375510333032,0.09090909090909091,0.0907911802853437
68.33375510333032,0.09220779220779221,0.09208819714656291
71.3974277049602,0.09220779220779221,0.09208819714656291
71.3974277049602,0.09350649350649351,0.0933852140077821
72.16538085722637,0.09350649350649351,0.0933852140077821
72.16538085722637,0.09480519480519481,0.0946822308690013
72.68157262875641,0.09480519480519481,0.0946822308690013
72.68157262875641,0.09610389610389611,0.0959792477302205
73.68777334497169,0.09610389610389611,0.0959792477302205
73.68777334497169,0.09740259740259741,0.09727626459143969
74.23250453252618,0.09740259740259741,0.09727626459143969
74.23250453252618,0.0987012987012987,0.09857328145265888
74.38273238837459,0.0987012987012987,0.09857328145265888
74.38273238837459,0.1,0.09987029831387809
75.00556283821825,0.1,0.09987029831387809
75.00556283821825,0.1012987012987013,0.10116731517509728
75.2765615817721,0.1012987012987013,0.10116731517509728
75.2765615817721,0.1025974025974026,0.10246433203631647
79.87308890626011,0.1025974025974026,0.10246433203631647
79.87308890626011,0.1038961038961039,0.10376134889753567
81.97334538918093,0.1038961038961039,0.10376134889753567
81.97334538918093,0.10519480519480519,0.10505836575875487
84.5672476833411,0.10519480519480519,0.10505836575875487
84.5672476833411,0.10649350649350649,0.10635538261997406
85.09249015820558,0.10649350649350649,0.10635538261997406
85.09249015820558,0.10779220779220779,0.10765239948119326
86.82445302098037,0.10779220779220779,0.10765239948119326
86.82445302098037,0.10909090909090909,0.10894941634241245
87.02609267198063,0.10909090909090909,0.10894941634241245
87.02609267198063,0.11038961038961038,0.11024643320363164
88.13453827082179,0.11038961038961038,0.11024643320363164
88.13453827082179,0.11168831168831168,0.11154345006485085
88.70326955622349,0.11168831168831168,0.11154345006485085
88.70326955622349,0.11298701298701298,0.11284046692607004
89.86434223615106,0.11298701298701298,0.11284046692607004
89.86434223615106,0.11428571428571428,0.11413748378728923
90.51734640688531,0.11428571428571428,0.11413748378728923
90.51734640688531,0.11558441558441558,0.11543450064850844
90.89242416500926,0.11558441558441558,0.11543450064850844
90.89242416500926,0.11688311688311688,0.11673151750972763
91.16791002518669,0.11688311688311688,0.11673151750972763
91.16791002518669,0.11818181818181818,0.11802853437094682
93.38541685292205,0.11818181818181818,0.11802853437094682
93.38541685292205,0.11948051948051948,0.11932555123216602
94.35557137659112,0.11948051948051948,0.11932555123216602
94.35557137659112,0.12077922077922078,0.12062256809338522
94.74047459796006,0.12077922077922078,0.12062256809338522
94.74047459796006,0.12207792207792208,0.12191958495460441
95.08567939681205,0.12207792207792208,0.12191958495460441
95.08567939681205,0.12337662337662338,0.12321660181582361
95.38516651407696,0.12337662337662338,0.12321660181582361
95.38516651407696,0.12467532467532468,0.1245136186770428
96.30318736887602,0.12467532467532468,0.1245136186770428
96.30318736887602,0.12597402597402596,0.125810635538262
96.90361447687195,0.12597402597402596,0.125810635538262
96.90361447687195,0.12727272727272726,0.12710765239948119
97.20609484673524,0.12727272727272726,0.12710765239948119
97.20609484673524,0.12857142857142856,0.12840466926070038
97.50481181966431,0.12857142857142856,0.12840466926070038
97.50481181966431,0.12987012987012986,0.1297016861219196
97.83517330150784,0.12987012987012986,0.1297016861219196
97.83517330150784,0.13116883116883116,0.1309987029831388
98.37863106790972,0.13116883116883116,0.1309987029831388
98.37863106790972,0.13246753246753246,0.13229571984435798
102.35738442045222,0.13246753246753246,0.13229571984435798
102.35738442045222,0.13376623376623376,0.13359273670557717
103.37508985392279,0.13376623376623376,0.13359273670557717
103.37508985392279,0.13506493506493505,0.13488975356679636
104.64999421648082,0.13506493506493505,0.13488975356679636
104.64999421648082,0.13636363636363635,0.13618677042801555
107.47835992840746,0.13636363636363635,0.13618677042801555
107.47835992840746,0.13766233766233765,0.13748378728923477
108.0358311633548,0.13766233766233765,0.13748378728923477
108.0358311633548,0.13896103896103895,0.13878080415045396
108.7333564679339,0.13896103896103895,0.13878080415045396
108.7333564679339,0.14025974025974025,0.14007782101167315
109.40883079318445,0.14025974025974025,0.14007782101167315
109.40883079318445,0.14155844155844155,0.14137483787289234
109.73465876630875,0.14155844155844155,0.14137483787289234
109.73465876630875,0.14285714285714285,0.14267185473411154
110.3627601443211,0.14285714285714285,0.14267185473411154
110.3627601443211,0.14415584415584415,0.14396887159533073
111.47961053385015,0.14415584415584415,0.14396887159533073
111.47961053385015,0.14545454545454545,0.14526588845654995
113.11981948585816,0.14545454545454545,0.14526588845654995
113.11981948585816,0.14675324675324675,0.14656290531776914
113.5852642871775,0.14675324675324675,0.14656290531776914
113.5852642871775,0.14805194805194805,0.14785992217898833
113.92222766442472,0.14805194805194805,0.14785992217898833
113.92222766442472,0.14935064935064934,0.14915693904020752
114.37958936731096,0.14935064935064934,0.14915693904020752
114.37958936731096,0.15064935064935064,0.1504539559014267
115.007563205834,0.15064935064935064,0.1504539559014267
115.007563205834,0.15194805194805194,0.1517509727626459
115.44132987665742,0.15194805194805194,0.1517509727626459
115.44132987665742,0.15324675324675324,0.15304798962386512
115.86443410104076,0.15324675324675324,0.15304798962386512
115.86443410104076,0.15454545454545454,0.1543450064850843
116.3817569363777,0.15454545454545454,0.1543450064850843
116.3817569363777,0.15584415584415584,0.1556420233463035
117.31064339376157,0.15584415584415584,0.1556420233463035
117.31064339376157,0.15714285714285714,0.1569390402075227
117.63391713651372,0.15714285714285714,0.1569390402075227
117.63391713651372,0.15844155844155844,0.1582360570687419
118.1389579013674,0.15844155844155844,0.1582360570687419
118.1389579013674,0.15974025974025974,0.15953307392996108
118.40477312736064,0.15974025974025974,0.15953307392996108
118.40477312736064,0.16103896103896104,0.1608300907911803
119.4529197621599,0.16103896103896104,0.1608300907911803
119.4529197621599,0.16233766233766234,0.1621271076523995
120.38853214335091,0.16233766233766234,0.1621271076523995
120.38853214335091,0.16363636363636364,0.16342412451361868
121.05961664828034,0.16363636363636364,0.16342412451361868
121.05961664828034,0.16493506493506493,0.16472114137483787
121.7064369749433,0.16493506493506493,0.16472114137483787
121.7064369749433,0.16623376623376623,0.16601815823605706
122.31080773937204,0.16623376623376623,0.16601815823605706
122.31080773937204,0.16753246753246753,0.16731517509727625
123.75909439971039,0.16753246753246753,0.16731517509727625
123.75909439971039,0.16883116883116883,0.16861219195849547
124.47592111161933,0.16883116883116883,0.16861219195849547
124.47592111161933,0.17012987012987013,0.16990920881971466
124.85108686654945,0.17012987012987013,0.16990920881971466
124.85108686654945,0.17142857142857143,0.17120622568093385
126.62908955232861,0.17142857142857143,0.17120622568093385
126.62908955232861,0.17272727272727273,0.17250324254215305
127.13045563798448,0.17272727272727273,0.17250324254215305
127.13045563798448,0.17402597402597403,0.17380025940337224
127.93184107722504,0.17402597402597403,0.17380025940337224
127.93184107722504,0.17532467532467533,0.17509727626459143
128.38380235699873,0.17532467532467533,0.17509727626459143
128.38380235699873,0.17662337662337663,0.17639429312581065
129.53591475056967,0.17662337662337663,0.17639429312581065
129.53591475056967,0.17792207792207793,0.17769130998702984
130.42522870127323,0.17792207792207793,0.17769130998702984
130.42522870127323,0.17922077922077922,0.17898832684824903
132.18968805931775,0.17922077922077922,0.17898832684824903
132.18968805931775,0.18051948051948052,0.18028534370946822
132.62378350371097,0.18051948051948052,0.18028534370946822
132.62378350371097,0.18181818181818182,0.1815823605706874
133.5143558550967,0.18181818181818182,0.1815823605706874
133.5143558550967,0.18311688311688312,0.1828793774319066
133.93783887612747,0.18311688311688312,0.1828793774319066
133.93783887612747,0.18441558441558442,0.18417639429312582
135.18713011085484,0.18441558441558442,0.18417639429312582
135.18713011085484,0.18571428571428572,0.185473411154345
136.3528604484078,0.18571428571428572,0.185473411154345
136.3528604484078,0.18701298701298702,0.1867704280155642
137.4198341063282,0.18701298701298702,0.1867704280155642
137.4198341063282,0.18831168831168832,0.1880674448767834
137.9577065117838,0.18831168831168832,0.1880674448767834
137.9577065117838,0.18961038961038962,0.1893644617380026
138.75834891041117,0.18961038961038962,0.1893644617380026
138.75834891041117,0.19090909090909092,0.19066147859922178
139.9123506947182,0.19090909090909092,0.19066147859922178
139.9123506947182,0.19220779220779222,0.191958495460441
140.7196031927594,0.19220779220779222,0.191958495460441
140.7196031927594,0.19350649350649352,0.1932555123216602
142.55633099621937,0.19350649350649352,0.1932555123216602
142.55633099621937,0.19480519480519481,0.19455252918287938
143.92074501126135,0.19480519480519481,0.19455252918287938
143.92074501126135,0.1961038961038961,0.19584954604409857
144.68989331795348,0.1961038961038961,0.19584954604409857
144.68989331795348,0.1974025974025974,0.19714656290531776
145.27432321243998,0.1974025974025974,0.19714656290531776
145.27432321243998,0.1987012987012987,0.19844357976653695
146.14943770135255,0.1987012987012987,0.19844357976653695
146.14943770135255,0.2,0.19974059662775617
147.65856899319516,0.2,0.19974059662775617
147.65856899319516,0.2012987012987013,0.20103761348897536
149.03675531340198,0.2012987012987013,0.20103761348897536
149.03675531340198,0.2025974025974026,0.20233463035019456
149.65469840900374,0.2025974025974026,0.20233463035019456
149.65469840900374,0.2038961038961039,0.20363164721141375
150.27236168265534,0.2038961038961039,0.20363164721141375
150.27236168265534,0.2051948051948052,0.20492866407263294
150.6256405798956,0.2051948051948052,0.20492866407263294
150.6256405798956,0.2064935064935065,0.20622568093385213
152.42044496688038,0.2064935064935065,0.20622568093385213
152.42044496688038,0.2077922077922078,0.20752269779507135
153.50537771952975,0.2077922077922078,0.20752269779507135
153.50537771952975,0.20909090909090908,0.20881971465629054
156.0259242626504,0.20909090909090908,0.20881971465629054
156.0259242626504,0.21038961038961038,0.21011673151750973
156.76637479208233,0.21038961038961038,0.21011673151750973
156.76637479208233,0.21168831168831168,0.21141374837872892
157.64905574550124,0.21168831168831168,0.21141374837872892
157.64905574550124,0.21298701298701297,0.2127107652399481
159.05484504012912,0.21298701298701297,0.2127107652399481
159.05484504012912,0.21428571428571427,0.2140077821011673
159.42323674868365,0.21428571428571427,0.2140077821011673
159.42323674868365,0.21558441558441557,0.21530479896238652
159.6926710970311,0.21558441558441557,0.21530479896238652
159.6926710970311,0.21688311688311687,0.21660181582360571
160.39176741982556,0.21688311688311687,0.21660181582360571
160.39176741982556,0.21818181818181817,0.2178988326848249
160.82379791316367,0.21818181818181817,0.2178988326848249
160.82379791316367,0.21948051948051947,0.2191958495460441
161.2014612547833,0.21948051948051947,0.2191958495460441
161.2014612547833,0.22077922077922077,0.2204928664072633
161.72074434271548,0.22077922077922077,0.2204928664072633
161.72074434271548,0.22207792207792207,0.22178988326848248
161.99514835416358,0.22207792207792207,0.22178988326848248
161.99514835416358,0.22337662337662337,0.2230869001297017
162.4998824440521,0.22337662337662337,0.2230869001297017
162.4998824440521,0.22467532467532467,0.2243839169909209
163.4385737652974,0.22467532467532467,0.2243839169909209
163.4385737652974,0.22597402597402597,0.22568093385214008
163.63554838552812,0.22597402597402597,0.22568093385214008
163.63554838552812,0.22727272727272727,0.22697795071335927
163.77402724249094,0.22727272727272727,0.22697795071335927
163.77402724249094,0.22857142857142856,0.22827496757457846
163.9921173593492,0.22857142857142856,0.22827496757457846
163.9921173593492,0.22987012987012986,0.22957198443579765
164.5365415641528,0.22987012987012986,0.22957198443579765
164.5365415641528,0.23116883116883116,0.23086900129701687
164.7123511585765,0.23116883116883116,0.23086900129701687
164.7123511585765,0.23246753246753246,0.23216601815823606
165.26511917650942,0.23246753246753246,0.23216601815823606
165.26511917650942,0.23376623376623376,0.23346303501945526
165.43880097475582,0.23376623376623376,0.23346303501945526
165.43880097475582,0.23506493506493506,0.23476005188067445
167.36634494904294,0.23506493506493506,0.23476005188067445
167.36634494904294,0.23636363636363636,0.23605706874189364
167.63512515176188,0.23636363636363636,0.23605706874189364
167.63512515176188,0.23766233766233766,0.23735408560311283
168.75026330050264,0.23766233766233766,0.23735408560311283
168.75026330050264,0.23896103896103896,0.23865110246433205
169.87348856800463,0.23896103896103896,0.23865110246433205
169.87348856800463,0.24025974025974026,0.23994811932555124
172.63739908632556,0.24025974025974026,0.23994811932555124
172.63739908632556,0.24155844155844156,0.24124513618677043
173.1724374727393,0.24155844155844156,0.24124513618677043
173.1724374727393,0.24285714285714285,0.24254215304798962
173.71273479197572,0.24285714285714285,0.24254215304798962
173.71273479197572,0.24415584415584415,0.24383916990920881
174.05506259605187,0.24415584415584415,0.24383916990920881
174.05506259605187,0.24545454545454545,0.245136186770428
174.84412860807984,0.24545454545454545,0.245136186770428
174.84412860807984,0.24675324675324675,0.24643320363164722
175.67530568823253,0.24675324675324675,0.24643320363164722
175.67530568823253,0.24805194805194805,0.24773022049286642
176.28991233243727,0.24805194805194805,0.24773022049286642
176.28991233243727,0.24935064935064935,0.2490272373540856
177.16239726282026,0.24935064935064935,0.2490272373540856
177.16239726282026,0.2506493506493506,0.2503242542153048
178.62865707599775,0.2506493506493506,0.2503242542153048
178.62865707599775,0.2519480519480519,0.251621271076524
181.42891222118118,0.2519480519480519,0.251621271076524
181.42891222118118,0.2532467532467532,0.2529182879377432
181.79806260162616,0.2532467532467532,0.2529182879377432
181.79806260162616,0.2545454545454545,0.25421530479896237
182.85281547527433,0.2545454545454545,0.25421530479896237
182.85281547527433,0.2558441558441558,0.25551232166018156
183.5358144195788,0.2558441558441558,0.25551232166018156
183.5358144195788,0.2571428571428571,0.25680933852140075
184.4194914272981,0.2571428571428571,0.25680933852140075
184.4194914272981,0.2584415584415584,0.25810635538262
184.66573218334398,0.2584415584415584,0.25810635538262
184.66573218334398,0.2597402597402597,0.2594033722438392
185.86343666164146,0.2597402597402597,0.2594033722438392
185.86343666164146,0.261038961038961,0.2607003891050584
186.36359859678885,0.261038961038961,0.2607003891050584
186.36359859678885,0.2623376623376623,0.2619974059662776
186.9127036679049,0.2623376623376623,0.2619974059662776
186.9127036679049,0.2636363636363636,0.26329442282749677
187.19815367384916,0.2636363636363636,0.26329442282749677
187.19815367384916,0.2649350649350649,0.26459143968871596
188.51053900712537,0.2649350649350649,0.26459143968871596
188.51053900712537,0.2662337662337662,0.26588845654993515
188.79632293556205,0.2662337662337662,0.26588845654993515
188.79632293556205,0.2675324675324675,0.26718547341115434
189.2468462101633,0.2675324675324675,0.26718547341115434
189.2468462101633,0.2688311688311688,0.26848249027237353
189.61036405861762,0.2688311688311688,0.26848249027237353
189.61036405861762,0.2701298701298701,0.2697795071335927
190.54105850406071,0.2701298701298701,0.2697795071335927
190.54105850406071,0.2714285714285714,0.2710765239948119
192.60539463391922,0.2714285714285714,0.2710765239948119
192.60539463391922,0.2727272727272727,0.2723735408560311
193.36860407668036,0.2727272727272727,0.2723735408560311
193.36860407668036,0.274025974025974,0.27367055771725035
193.8014357426129,0.274025974025974,0.27367055771725035
193.8014357426129,0.2753246753246753,0.27496757457846954
194.5714551124202,0.2753246753246753,0.27496757457846954
194.5714551124202,0.2766233766233766,0.27626459143968873
194.91690476460397,0.2766233766233766,0.27626459143968873
194.91690476460397,0.2779220779220779,0.2775616083009079
195.50054930590738,0.2779220779220779,0.2775616083009079
195.50054930590738,0.2792207792207792,0.2788586251621271
195.94856873132977,0.2792207792207792,0.2788586251621271
195.94856873132977,0.2805194805194805,0.2801556420233463
196.5673002214656,0.2805194805194805,0.2801556420233463
196.5673002214656,0.2818181818181818,0.2814526588845655
197.10825359054004,0.2818181818181818,0.2814526588845655
197.10825359054004,0.2831168831168831,0.2827496757457847
197.47490399928174,0.2831168831168831,0.2827496757457847
197.47490399928174,0.2844155844155844,0.2840466926070039
197.58874983558547,0.2844155844155844,0.2840466926070039
197.58874983558547,0.2857142857142857,0.2853437094682231
197.79501060588456,0.2857142857142857,0.2853437094682231
197.79501060588456,0.287012987012987,0.28664072632944226
198.3191172516008,0.287012987012987,0.28664072632944226
198.3191172516008,0.2883116883116883,0.28793774319066145
199.0026271633606,0.2883116883116883,0.28793774319066145
199.0026271633606,0.2896103896103896,0.2892347600518807
199.717187289876,0.2896103896103896,0.2892347600518807
199.717187289876,0.2909090909090909,0.2905317769130999
200.36366939648516,0.2909090909090909,0.2905317769130999
200.36366939648516,0.2922077922077922,0.2918287937743191
200.6360927524167,0.2922077922077922,0.2918287937743191
200.6360927524167,0.2935064935064935,0.2931258106355383
201.20358946262897,0.2935064935064935,0.2931258106355383
201.20358946262897,0.2948051948051948,0.29442282749675747
201.61457987208158,0.2948051948051948,0.29442282749675747
201.61457987208158,0.2961038961038961,0.29571984435797666
201.832020570876,0.2961038961038961,0.29571984435797666
201.832020570876,0.2974025974025974,0.29701686121919585
201.95763563786664,0.2974025974025974,0.29701686121919585
201.95763563786664,0.2987012987012987,0.29831387808041504
202.91755063588744,0.2987012987012987,0.29831387808041504
202.91755063588744,0.3,0.29961089494163423
203.55222245398278,0.3,0.29961089494163423
203.55222245398278,0.3012987012987013,0.3009079118028534
204.17408303812374,0.3012987012987013,0.3009079118028534
204.17408303812374,0.3025974025974026,0.3022049286640726
204.56351181949537,0.3025974025974026,0.3022049286640726
204.56351181949537,0.3038961038961039,0.3035019455252918
206.06405388236288,0.3038961038961039,0.3035019455252918
206.06405388236288,0.3051948051948052,0.30479896238651105
212.235734868889,0.3051948051948052,0.30479896238651105
212.235734868889,0.3064935064935065,0.30609597924773024
214.3119461721997,0.3064935064935065,0.30609597924773024
214.3119461721997,0.3077922077922078,0.30739299610894943
216.31949639196569,0.3077922077922078,0.30739299610894943
216.31949639196569,0.3090909090909091,0.3086900129701686
218.2052161248642,0.3090909090909091,0.3086900129701686
218.2052161248642,0.3103896103896104,0.3099870298313878
220.67598732948056,0.3103896103896104,0.3099870298313878
220.67598732948056,0.3116883116883117,0.311284046692607
223.80337057834168,0.3116883116883117,0.311284046692607
223.80337057834168,0.312987012987013,0.3125810635538262
224.94313743471434,0.312987012987013,0.3125810635538262
224.94313743471434,0.3142857142857143,0.3138780804150454
226.04223088295012,0.3142857142857143,0.3138780804150454
226.04223088295012,0.3155844155844156,0.3151750972762646
227.1187794335657,0.3155844155844156,0.3151750972762646
227.1187794335657,0.3168831168831169,0.3164721141374838
228.02954628916586,0.3168831168831169,0.3164721141374838
228.02954628916586,0.3181818181818182,0.31776913099870296
228.8137146293713,0.3181818181818182,0.31776913099870296
228.8137146293713,0.3194805194805195,0.31906614785992216
230.2331003311562,0.3194805194805195,0.31906614785992216
230.2331003311562,0.3207792207792208,0.3203631647211414
230.45677501832097,0.3207792207792208,0.3203631647211414
230.45677501832097,0.3220779220779221,0.3216601815823606
230.82377960578992,0.3220779220779221,0.3216601815823606
230.82377960578992,0.3233766233766234,0.3229571984435798
231.65738029165925,0.3233766233766234,0.3229571984435798
231.65738029165925,0.3246753246753247,0.324254215304799
232.4582845285662,0.3246753246753247,0.324254215304799
232.4582845285662,0.32597402597402597,0.32555123216601817
232.82666602986072,0.32597402597402597,0.32555123216601817
232.82666602986072,0.32727272727272727,0.32684824902723736
233.21334831074853,0.32727272727272727,0.32684824902723736
233.21334831074853,0.32857142857142857,0.32814526588845655
233.9017842227963,0.32857142857142857,0.32814526588845655
233.9017842227963,0.32987012987012987,0.32944228274967574
234.43552392131684,0.32987012987012987,0.32944228274967574
234.43552392131684,0.33116883116883117,0.33073929961089493
236.40693038999973,0.33116883116883117,0.33073929961089493
236.40693038999973,0.33246753246753247,0.3320363164721141
237.55243205980614,0.33246753246753247,0.3320363164721141
237.55243205980614,0.33376623376623377,0.3333333333333333
237.97088569531303,0.33376623376623377,0.3333333333333333
237.97088569531303,0.33506493506493507,0.3346303501945525
238.90318505062794,0.33506493506493507,0.3346303501945525
238.90318505062794,0.33636363636363636,0.3359273670557717
239.9366475953621,0.33636363636363636,0.3359273670557717
239.9366475953621,0.33766233766233766,0.33722438391699094
240.6206627865578,0.33766233766233766,0.33722438391699094
240.6206627865578,0.33896103896103896,0.33852140077821014
241.40200754900036,0.33896103896103896,0.33852140077821014
241.40200754900036,0.34025974025974026,0.3398184176394293
242.4575477644621,0.34025974025974026,0.3398184176394293
242.4575477644621,0.34155844155844156,0.3411154345006485
243.05639400341892,0.34155844155844156,0.3411154345006485
243.05639400341892,0.34285714285714286,0.3424124513618677
243.8901985814931,0.34285714285714286,0.3424124513618677
243.8901985814931,0.34415584415584416,0.3437094682230869
244.44936473846627,0.34415584415584416,0.3437094682230869
244.44936473846627,0.34545454545454546,0.3450064850843061
245.24236906534088,0.34545454545454546,0.3450064850843061
245.24236906534088,0.34675324675324676,0.3463035019455253
247.6797043639009,0.34675324675324676,0.3463035019455253
247.6797043639009,0.34805194805194806,0.3476005188067445
248.91143892272885,0.34805194805194806,0.3476005188067445
248.91143892272885,0.34935064935064936,0.34889753566796367
250.25991474093126,0.34935064935064936,0.34889753566796367
250.25991474093126,0.35064935064935066,0.35019455252918286
253.66540282140323,0.35064935064935066,0.35019455252918286
253.66540282140323,0.35194805194805195,0.35149156939040205
254.16561689250196,0.35194805194805195,0.35149156939040205
254.16561689250196,0.35324675324675325,0.3527885862516213
254.91039852582304,0.35324675324675325,0.3527885862516213
254.91039852582304,0.35454545454545455,0.3540856031128405
257.23038076761804,0.35454545454545455,0.3540856031128405
257.23038076761804,0.35584415584415585,0.3553826199740597
258.6110488623071,0.35584415584415585,0.3553826199740597
258.6110488623071,0.35714285714285715,0.35667963683527887
259.18038546373396,0.35714285714285715,0.35667963683527887
259.18038546373396,0.35844155844155845,0.35797665369649806
259.6213355863663,0.35844155844155845,0.35797665369649806
259.6213355863663,0.35974025974025975,0.35927367055771725
260.4442940155611,0.35974025974025975,0.35927367055771725
260.4442940155611,0.36103896103896105,0.36057068741893644
260.70308908014476,0.36103896103896105,0.36057068741893644
260.70308908014476,0.36233766233766235,0.36186770428015563
261.4888728750259,0.36233766233766235,0.36186770428015563
261.4888728750259,0.36363636363636365,0.3631647211413748
262.3074343364028,0.36363636363636365,0.3631647211413748
262.3074343364028,0.36493506493506495,0.364461738002594
262.97069326668816,0.36493506493506495,0.364461738002594
262.97069326668816,0.36623376623376624,0.3657587548638132
263.2834339095782,0.36623376623376624,0.3657587548638132
263.2834339095782,0.36753246753246754,0.3670557717250324
263.53725237068386,0.36753246753246754,0.3670557717250324
263.53725237068386,0.36883116883116884,0.36835278858625164
263.87460881106085,0.36883116883116884,0.36835278858625164
263.87460881106085,0.37012987012987014,0.36964980544747084
264.71442326074765,0.37012987012987014,0.36964980544747084
264.71442326074765,0.37142857142857144,0.37094682230869
265.26941868915185,0.37142857142857144,0.37094682230869
265.26941868915185,0.37272727272727274,0.3722438391699092
266.0937033605685,0.37272727272727274,0.3722438391699092
266.0937033605685,0.37402597402597404,0.3735408560311284
266.40175876217506,0.37402597402597404,0.3735408560311284
266.40175876217506,0.37532467532467534,0.3748378728923476
267.61221990963156,0.37532467532467534,0.3748378728923476
267.61221990963156,0.37662337662337664,0.3761348897535668
268.07492788758907,0.37662337662337664,0.3761348897535668
268.07492788758907,0.37792207792207794,0.377431906614786
268.3625105751104,0.37792207792207794,0.377431906614786
268.3625105751104,0.37922077922077924,0.3787289234760052
269.9660024817298,0.37922077922077924,0.3787289234760052
269.9660024817298,0.38051948051948054,0.38002594033722437
271.56946328280276,0.38051948051948054,0.38002594033722437
271.56946328280276,0.38181818181818183,0.38132295719844356
273.08230010009237,0.38181818181818183,0.38132295719844356
273.08230010009237,0.38311688311688313,0.38261997405966275
275.1952611357161,0.38311688311688313,0.38261997405966275
275.1952611357161,0.38441558441558443,0.383916990920882
276.0831913708736,0.38441558441558443,0.383916990920882
276.0831913708736,0.38571428571428573,0.3852140077821012
277.76614286531384,0.38571428571428573,0.3852140077821012
277.76614286531384,0.38701298701298703,0.3865110246433204
278.00479383675736,0.38701298701298703,0.3865110246433204
278.00479383675736,0.38831168831168833,0.38780804150453957
278.6897924606598,0.38831168831168833,0.38780804150453957
278.6897924606598,0.38961038961038963,0.38910505836575876
278.95931353931627,0.38961038961038963,0.38910505836575876
278.95931353931627,0.39090909090909093,0.39040207522697795
279.5617046508348,0.39090909090909093,0.39040207522697795
279.5617046508348,0.3922077922077922,0.39169909208819714
279.88691929661326,0.3922077922077922,0.39169909208819714
279.88691929661326,0.3935064935064935,0.39299610894941633
280.1584616641633,0.3935064935064935,0.39299610894941633
280.1584616641633,0.3948051948051948,0.3942931258106355
281.0248864845531,0.3948051948051948,0.3942931258106355
281.0248864845531,0.3961038961038961,0.3955901426718547
281.58253292930016,0.3961038961038961,0.3955901426718547
281.58253292930016,0.3974025974025974,0.3968871595330739
282.070491627993,0.3974025974025974,0.3968871595330739
282.070491627993,0.3987012987012987,0.3981841763942931
282.80738347580973,0.3987012987012987,0.3981841763942931
282.80738347580973,0.4,0.39948119325551235
283.21535797547654,0.4,0.39948119325551235
283.21535797547654,0.4012987012987013,0.40077821011673154
283.7501020665387,0.4012987012987013,0.40077821011673154
283.7501020665387,0.4025974025974026,0.40207522697795073
284.37091478660506,0.4025974025974026,0.40207522697795073
284.37091478660506,0.4038961038961039,0.4033722438391699
286.04426175802826,0.4038961038961039,0.4033722438391699
286.04426175802826,0.4051948051948052,0.4046692607003891
287.2599930905233,0.4051948051948052,0.4046692607003891
287.2599930905233,0.4064935064935065,0.4059662775616083
288.59158443086847,0.4064935064935065,0.4059662775616083
288.59158443086847,0.4077922077922078,0.4072632944228275
289.4208292276172,0.4077922077922078,0.4072632944228275
289.4208292276172,0.4090909090909091,0.4085603112840467
290.16263303144706,0.4090909090909091,0.4085603112840467
290.16263303144706,0.4103896103896104,0.4098573281452659
290.8127510201995,0.4103896103896104,0.4098573281452659
290.8127510201995,0.4116883116883117,0.41115434500648507
292.754724170165,0.4116883116883117,0.41115434500648507
292.754724170165,0.412987012987013,0.41245136186770426
293.3628633599035,0.412987012987013,0.41245136186770426
293.3628633599035,0.4142857142857143,0.41374837872892345
293.9556033637132,0.4142857142857143,0.41374837872892345
293.9556033637132,0.4155844155844156,0.4150453955901427
295.16016943817647,0.4155844155844156,0.4150453955901427
295.16016943817647,0.41688311688311686,0.4163424124513619
295.48325686146546,0.41688311688311686,0.4163424124513619
295.48325686146546,0.41818181818181815,0.4176394293125811
297.5787511745027,0.41818181818181815,0.4176394293125811
297.5787511745027,0.41948051948051945,0.41893644617380027
297.83105195901817,0.41948051948051945,0.41893644617380027
297.83105195901817,0.42077922077922075,0.42023346303501946
297.9536061815302,0.42077922077922075,0.42023346303501946
297.9536061815302,0.42207792207792205,0.42153047989623865
298.0845676003075,0.42207792207792205,0.42153047989623865
298.0845676003075,0.42337662337662335,0.42282749675745784
298.16828740434255,0.42337662337662335,0.42282749675745784
298.16828740434255,0.42467532467532465,0.42412451361867703
298.8322188525905,0.42467532467532465,0.42412451361867703
298.8322188525905,0.42597402597402595,0.4254215304798962
300.13739177647966,0.42597402597402595,0.4254215304798962
300.13739177647966,0.42727272727272725,0.4267185473411154
300.8176827429743,0.42727272727272725,0.4267185473411154
300.8176827429743,0.42857142857142855,0.4280155642023346
302.205011533054,0.42857142857142855,0.4280155642023346
302.205011533054,0.42987012987012985,0.4293125810635538
304.15646610053034,0.42987012987012985,0.4293125810635538
304.15646610053034,0.43116883116883115,0.43060959792477305
305.3758866721852,0.43116883116883115,0.43060959792477305
305.3758866721852,0.43246753246753245,0.43190661478599224
306.2753869362256,0.43246753246753245,0.43190661478599224
306.2753869362256,0.43376623376623374,0.43320363164721143
307.2352463001026,0.43376623376623374,0.43320363164721143
307.2352463001026,0.43506493506493504,0.4345006485084306
307.96464907890663,0.43506493506493504,0.4345006485084306
307.96464907890663,0.43636363636363634,0.4357976653696498
308.39236126680476,0.43636363636363634,0.4357976653696498
308.39236126680476,0.43766233766233764,0.437094682230869
309.03770042653565,0.43766233766233764,0.437094682230869
309.03770042653565,0.43896103896103894,0.4383916990920882
309.76731878149633,0.43896103896103894,0.4383916990920882
309.76731878149633,0.44025974025974024,0.4396887159533074
310.44728259803634,0.44025974025974024,0.4396887159533074
310.44728259803634,0.44155844155844154,0.4409857328145266
313.9133526581087,0.44155844155844154,0.4409857328145266
313.9133526581087,0.44285714285714284,0.44228274967574577
314.54343348175485,0.44285714285714284,0.44228274967574577
314.54343348175485,0.44415584415584414,0.44357976653696496
315.87940994976657,0.44415584415584414,0.44357976653696496
315.87940994976657,0.44545454545454544,0.44487678339818415
318.7092382395091,0.44545454545454544,0.44487678339818415
318.7092382395091,0.44675324675324674,0.4461738002594034
319.97578607268474,0.44675324675324674,0.4461738002594034
319.97578607268474,0.44805194805194803,0.4474708171206226
320.1971028685533,0.44805194805194803,0.4474708171206226
320.1971028685533,0.44935064935064933,0.4487678339818418
321.6031298920582,0.44935064935064933,0.4487678339818418
321.6031298920582,0.45064935064935063,0.45006485084306097
322.16036896666714,0.45064935064935063,0.45006485084306097
322.16036896666714,0.45194805194805193,0.45136186770428016
323.62981514297957,0.45194805194805193,0.45136186770428016
323.62981514297957,0.45324675324675323,0.45265888456549935
323.89702714912164,0.45324675324675323,0.45265888456549935
323.89702714912164,0.45454545454545453,0.45395590142671854
324.92459205346825,0.45454545454545453,0.45395590142671854
324.92459205346825,0.45584415584415583,0.45525291828793774
325.25381150932765,0.45584415584415583,0.45525291828793774
325.25381150932765,0.45714285714285713,0.4565499351491569
325.8727190371909,0.45714285714285713,0.4565499351491569
325.8727190371909,0.45844155844155843,0.4578469520103761
326.6668552015369,0.45844155844155843,0.4578469520103761
326.6668552015369,0.4597402597402597,0.4591439688715953
328.5819087739429,0.4597402597402597,0.4591439688715953
328.5819087739429,0.461038961038961,0.4604409857328145
329.0940728260724,0.461038961038961,0.4604409857328145
329.0940728260724,0.4623376623376623,0.46173800259403375
331.62590385976745,0.4623376623376623,0.46173800259403375
331.62590385976745,0.4636363636363636,0.46303501945525294
332.0181438234987,0.4636363636363636,0.46303501945525294
332.0181438234987,0.4649350649350649,0.46433203631647213
332.64303927625804,0.4649350649350649,0.46433203631647213
332.64303927625804,0.4662337662337662,0.4656290531776913
333.4305154597192,0.4662337662337662,0.4656290531776913
333.4305154597192,0.4675324675324675,0.4669260700389105
333.68900176899774,0.4675324675324675,0.4669260700389105
333.68900176899774,0.4688311688311688,0.4682230869001297
334.16834053445893,0.4688311688311688,0.4682230869001297
334.16834053445893,0.4701298701298701,0.4695201037613489
334.5510275916903,0.4701298701298701,0.4695201037613489
334.5510275916903,0.4714285714285714,0.4708171206225681
335.6803949309541,0.4714285714285714,0.4708171206225681
335.6803949309541,0.4727272727272727,0.4721141374837873
337.10121292904466,0.4727272727272727,0.4721141374837873
337.10121292904466,0.474025974025974,0.47341115434500647
337.8960717845746,0.474025974025974,0.47341115434500647
337.8960717845746,0.4753246753246753,0.47470817120622566
338.44226467388717,0.4753246753246753,0.47470817120622566
338.44226467388717,0.4766233766233766,0.47600518806744485
339.0284088604195,0.4766233766233766,0.47600518806744485
339.0284088604195,0.4779220779220779,0.4773022049286641
339.86351270829607,0.4779220779220779,0.4773022049286641
339.86351270829607,0.4792207792207792,0.4785992217898833
341.1154938376211,0.4792207792207792,0.4785992217898833
341.1154938376211,0.4805194805194805,0.4798962386511025
342.90691398225795,0.4805194805194805,0.4798962386511025
342.90691398225795,0.4818181818181818,0.48119325551232167
343.54552275701485,0.4818181818181818,0.48119325551232167
343.54552275701485,0.4831168831168831,0.48249027237354086
345.3362293137968,0.4831168831168831,0.48249027237354086
345.3362293137968,0.4844155844155844,0.48378728923476005
348.2566538735697,0.4844155844155844,0.48378728923476005
348.2566538735697,0.4857142857142857,0.48508430609597925
348.6303114868254,0.4857142857142857,0.48508430609597925
348.6303114868254,0.487012987012987,0.48638132295719844
350.25515260389477,0.487012987012987,0.48638132295719844
350.25515260389477,0.4883116883116883,0.48767833981841763
350.8339786520373,0.4883116883116883,0.48767833981841763
350.8339786520373,0.4896103896103896,0.4889753566796368
352.14883572615076,0.4896103896103896,0.4889753566796368
352.14883572615076,0.4909090909090909,0.490272373540856
352.5759161047222,0.4909090909090909,0.490272373540856
352.5759161047222,0.4922077922077922,0.4915693904020752
352.95682108323166,0.4922077922077922,0.4915693904020752
352.95682108323166,0.4935064935064935,0.49286640726329445
353.53564397689456,0.4935064935064935,0.49286640726329445
353.53564397689456,0.4948051948051948,0.49416342412451364
354.1855980757932,0.4948051948051948,0.49416342412451364
354.1855980757932,0.4961038961038961,0.49546044098573283
354.47561947745356,0.4961038961038961,0.49546044098573283
354.47561947745356,0.4974025974025974,0.496757457846952
354.9057339295581,0.4974025974025974,0.496757457846952
354.9057339295581,0.4987012987012987,0.4980544747081712
355.85250394392256,0.4987012987012987,0.4980544747081712
355.85250394392256,0.5,0.4993514915693904
356.82866568065214,0.5,0.4993514915693904
356.82866568065214,0.5012987012987012,0.5006485084306096
357.8000556354639,0.5012987012987012,0.5006485084306096
357.8000556354639,0.5025974025974026,0.5019455252918288
358.87719755627313,0.5025974025974026,0.5019455252918288
358.87719755627313,0.5038961038961038,0.503242542153048
359.9489350098022,0.5038961038961038,0.503242542153048
359.9489350098022,0.5051948051948052,0.5045395590142672
360.4966807264838,0.5051948051948052,0.5045395590142672
360.4966807264838,0.5064935064935064,0.5058365758754864
361.23610252508433,0.5064935064935064,0.5058365758754864
361.23610252508433,0.5077922077922078,0.5071335927367056
362.7021623088883,0.5077922077922078,0.5071335927367056
362.7021623088883,0.509090909090909,0.5084306095979247
363.6368077348558,0.509090909090909,0.5084306095979247
363.6368077348558,0.5103896103896104,0.5097276264591439
364.5686890600588,0.5103896103896104,0.5097276264591439
364.5686890600588,0.5116883116883116,0.5110246433203631
366.11109428367683,0.5116883116883116,0.5110246433203631
366.11109428367683,0.512987012987013,0.5123216601815823
366.4285746634365,0.512987012987013,0.5123216601815823
366.4285746634365,0.5142857142857142,0.5136186770428015
368.69344330365516,0.5142857142857142,0.5136186770428015
368.69344330365516,0.5155844155844156,0.5149156939040207
368.97238745673064,0.5155844155844156,0.5149156939040207
368.97238745673064,0.5168831168831168,0.51621271076524
369.351751842004,0.5168831168831168,0.51621271076524
369.351751842004,0.5181818181818182,0.5175097276264592
370.0959529634769,0.5181818181818182,0.5175097276264592
370.0959529634769,0.5194805194805194,0.5188067444876784
370.4836424642269,0.5194805194805194,0.5188067444876784
370.4836424642269,0.5207792207792208,0.5201037613488976
371.5296478374806,0.5207792207792208,0.5201037613488976
371.5296478374806,0.522077922077922,0.5214007782101168
374.2162560317209,0.522077922077922,0.5214007782101168
374.2162560317209,0.5233766233766234,0.522697795071336
374.8836793658463,0.5233766233766234,0.522697795071336
374.8836793658463,0.5246753246753246,0.5239948119325551
376.0794506703752,0.5246753246753246,0.5239948119325551
376.0794506703752,0.525974025974026,0.5252918287937743
377.7069122807378,0.525974025974026,0.5252918287937743
377.7069122807378,0.5272727272727272,0.5265888456549935
378.0462905979056,0.5272727272727272,0.5265888456549935
378.0462905979056,0.5285714285714286,0.5278858625162127
378.43578331094676,0.5285714285714286,0.5278858625162127
378.43578331094676,0.5298701298701298,0.5291828793774319
379.7675970591887,0.5298701298701298,0.5291828793774319
379.7675970591887,0.5311688311688312,0.5304798962386511
381.93267355891544,0.5311688311688312,0.5304798962386511
381.93267355891544,0.5324675324675324,0.5317769130998703
384.121921394958,0.5324675324675324,0.5317769130998703
384.121921394958,0.5337662337662338,0.5330739299610895
384.8107672551,0.5337662337662338,0.5330739299610895
384.8107672551,0.535064935064935,0.5343709468223087
386.2803998933093,0.535064935064935,0.5343709468223087
386.2803998933093,0.5363636363636364,0.5356679636835279
386.65865000394354,0.5363636363636364,0.5356679636835279
386.65865000394354,0.5376623376623376,0.5369649805447471
387.37806327690237,0.5376623376623376,0.5369649805447471
387.37806327690237,0.538961038961039,0.5382619974059663
388.0502926212996,0.538961038961039,0.5382619974059663
388.0502926212996,0.5402597402597402,0.5395590142671854
388.7566758109515,0.5402597402597402,0.5395590142671854
388.7566758109515,0.5415584415584416,0.5408560311284046
389.5013688318715,0.5415584415584416,0.5408560311284046
389.5013688318715,0.5428571428571428,0.5421530479896238
389.92495133551336,0.5428571428571428,0.5421530479896238
389.92495133551336,0.5441558441558442,0.543450064850843
390.6699610963253,0.5441558441558442,0.543450064850843
390.6699610963253,0.5454545454545454,0.5447470817120622
391.157408359218,0.5454545454545454,0.5447470817120622
391.157408359218,0.5467532467532468,0.5460440985732814
391.66120890535194,0.5467532467532468,0.5460440985732814
391.66120890535194,0.548051948051948,0.5473411154345007
392.13759356961856,0.548051948051948,0.5473411154345007
392.13759356961856,0.5493506493506494,0.5486381322957199
393.69612999228457,0.5493506493506494,0.5486381322957199
393.69612999228457,0.5506493506493506,0.5499351491569391
394.16353227922724,0.5506493506493506,0.5499351491569391
394.16353227922724,0.551948051948052,0.5512321660181583
394.9783764930001,0.551948051948052,0.5512321660181583
394.9783764930001,0.5532467532467532,0.5525291828793775
395.39386495059193,0.5532467532467532,0.5525291828793775
395.39386495059193,0.5545454545454546,0.5538261997405967
395.89415960826557,0.5545454545454546,0.5538261997405967
395.89415960826557,0.5558441558441558,0.5551232166018158
396.05254984226747,0.5558441558441558,0.5551232166018158
396.05254984226747,0.5571428571428572,0.556420233463035
396.7339234080539,0.5571428571428572,0.556420233463035
396.7339234080539,0.5584415584415584,0.5577172503242542
397.00917101707074,0.5584415584415584,0.5577172503242542
397.00917101707074,0.5597402597402598,0.5590142671854734
397.54510658751394,0.5597402597402598,0.5590142671854734
397.54510658751394,0.561038961038961,0.5603112840466926
399.3257626473925,0.561038961038961,0.5603112840466926
399.3257626473925,0.5623376623376624,0.5616083009079118
399.7203224749321,0.5623376623376624,0.5616083009079118
399.7203224749321,0.5636363636363636,0.562905317769131
402.0999180835844,0.5636363636363636,0.562905317769131
402.0999180835844,0.564935064935065,0.5642023346303502
403.3100870219821,0.564935064935065,0.5642023346303502
403.3100870219821,0.5662337662337662,0.5654993514915694
404.0614339658855,0.5662337662337662,0.5654993514915694
404.0614339658855,0.5675324675324676,0.5667963683527886
404.4318288194528,0.5675324675324676,0.5667963683527886
404.4318288194528,0.5688311688311688,0.5680933852140078
404.71668667889276,0.5688311688311688,0.5680933852140078
404.71668667889276,0.5701298701298702,0.569390402075227
405.2796159985893,0.5701298701298702,0.569390402075227
405.2796159985893,0.5714285714285714,0.5706874189364461
405.71075335061425,0.5714285714285714,0.5706874189364461
405.71075335061425,0.5727272727272728,0.5719844357976653
406.18263987106184,0.5727272727272728,0.5719844357976653
406.18263987106184,0.574025974025974,0.5732814526588845
406.63776732842706,0.574025974025974,0.5732814526588845
406.63776732842706,0.5753246753246753,0.5745784695201037
408.13940411632,0.5753246753246753,0.5745784695201037
408.13940411632,0.5766233766233766,0.5758754863813229
408.8619810907629,0.5766233766233766,0.5758754863813229
408.8619810907629,0.577922077922078,0.5771725032425421
410.61732400439723,0.577922077922078,0.5771725032425421
410.61732400439723,0.5792207792207792,0.5784695201037614
411.0605090205273,0.5792207792207792,0.5784695201037614
411.0605090205273,0.5805194805194805,0.5797665369649806
415.0367258639705,0.5805194805194805,0.5797665369649806
415.0367258639705,0.5818181818181818,0.5810635538261998
415.35696843420203,0.5818181818181818,0.5810635538261998
415.35696843420203,0.5831168831168831,0.582360570687419
417.4064793491846,0.5831168831168831,0.582360570687419
417.4064793491846,0.5844155844155844,0.5836575875486382
419.18136373137594,0.5844155844155844,0.5836575875486382
419.18136373137594,0.5857142857142857,0.5849546044098574
419.60546340733316,0.5857142857142857,0.5849546044098574
419.60546340733316,0.587012987012987,0.5862516212710766
421.05075655353244,0.587012987012987,0.5862516212710766
421.05075655353244,0.5883116883116883,0.5875486381322957
421.63527944407224,0.5883116883116883,0.5875486381322957
421.63527944407224,0.5896103896103896,0.5888456549935149
422.85765708669214,0.5896103896103896,0.5888456549935149
422.85765708669214,0.5909090909090909,0.5901426718547341
423.18488781378346,0.5909090909090909,0.5901426718547341
423.18488781378346,0.5922077922077922,0.5914396887159533
423.7276344465103,0.5922077922077922,0.5914396887159533
423.7276344465103,0.5935064935064935,0.5927367055771725
424.21641409474535,0.5935064935064935,0.5927367055771725
424.21641409474535,0.5948051948051948,0.5940337224383917
424.96155490729313,0.5948051948051948,0.5940337224383917
424.96155490729313,0.5961038961038961,0.5953307392996109
425.32582461807283,0.5961038961038961,0.5953307392996109
425.32582461807283,0.5974025974025974,0.5966277561608301
426.68241462589424,0.5974025974025974,0.5966277561608301
426.68241462589424,0.5987012987012987,0.5979247730220493
427.8069563793053,0.5987012987012987,0.5979247730220493
427.8069563793053,0.6,0.5992217898832685
428.1797112000682,0.6,0.5992217898832685
428.1797112000682,0.6012987012987013,0.6005188067444877
428.95373034852565,0.6012987012987013,0.6005188067444877
428.95373034852565,0.6025974025974026,0.6018158236057068
431.2014773677606,0.6025974025974026,0.6018158236057068
431.2014773677606,0.6038961038961039,0.603112840466926
435.1708365222238,0.6038961038961039,0.603112840466926
435.1708365222238,0.6051948051948052,0.6044098573281452
436.6162011200323,0.6051948051948052,0.6044098573281452
436.6162011200323,0.6064935064935065,0.6057068741893644
438.3708718600652,0.6064935064935065,0.6057068741893644
438.3708718600652,0.6077922077922078,0.6070038910505836
439.8630543924096,0.6077922077922078,0.6070038910505836
439.8630543924096,0.6090909090909091,0.6083009079118028
440.3602613553686,0.6090909090909091,0.6083009079118028
440.3602613553686,0.6103896103896104,0.6095979247730221
441.2054352949559,0.6103896103896104,0.6095979247730221
441.2054352949559,0.6116883116883117,0.6108949416342413
442.10791445816585,0.6116883116883117,0.6108949416342413
442.10791445816585,0.612987012987013,0.6121919584954605
443.04911691819257,0.612987012987013,0.6121919584954605
443.04911691819257,0.6142857142857143,0.6134889753566797
443.42223939259316,0.6142857142857143,0.6134889753566797
443.42223939259316,0.6155844155844156,0.6147859922178989
444.0381978372271,0.6155844155844156,0.6147859922178989
444.0381978372271,0.6168831168831169,0.6160830090791181
444.4908886142842,0.6168831168831169,0.6160830090791181
444.4908886142842,0.6181818181818182,0.6173800259403373
444.84704964978874,0.6181818181818182,0.6173800259403373
444.84704964978874,0.6194805194805195,0.6186770428015564
447.45530835203465,0.6194805194805195,0.6186770428015564
447.45530835203465,0.6207792207792208,0.6199740596627756
448.0719298894794,0.6207792207792208,0.6199740596627756
448.0719298894794,0.6220779220779221,0.6212710765239948
448.6097190650353,0.6220779220779221,0.6212710765239948
448.6097190650353,0.6233766233766234,0.622568093385214
451.9269633240756,0.6233766233766234,0.622568093385214
451.9269633240756,0.6246753246753247,0.6238651102464332
454.40179027622827,0.6246753246753247,0.6238651102464332
454.40179027622827,0.625974025974026,0.6251621271076524
455.0526669315111,0.625974025974026,0.6251621271076524
455.0526669315111,0.6272727272727273,0.6264591439688716
456.4440547832115,0.6272727272727273,0.6264591439688716
456.4440547832115,0.6285714285714286,0.6277561608300908
458.0039734080878,0.6285714285714286,0.6277561608300908
458.0039734080878,0.6298701298701299,0.62905317769131
458.68199712556725,0.6298701298701299,0.62905317769131
458.68199712556725,0.6311688311688312,0.6303501945525292
459.51091455678534,0.6311688311688312,0.6303501945525292
459.51091455678534,0.6324675324675325,0.6316472114137484
460.0474157885275,0.6324675324675325,0.6316472114137484
460.0474157885275,0.6337662337662338,0.6329442282749675
460.84035374736686,0.6337662337662338,0.6329442282749675
460.84035374736686,0.6350649350649351,0.6342412451361867
461.70490639602656,0.6350649350649351,0.6342412451361867
461.70490639602656,0.6363636363636364,0.6355382619974059
462.5392755415369,0.6363636363636364,0.6355382619974059
462.5392755415369,0.6376623376623377,0.6368352788586251
466.61611345184417,0.6376623376623377,0.6368352788586251
466.61611345184417,0.638961038961039,0.6381322957198443
467.0174658967792,0.638961038961039,0.6381322957198443
467.0174658967792,0.6402597402597403,0.6394293125810635
470.5408999955343,0.6402597402597403,0.6394293125810635
470.5408999955343,0.64155844155844155,0.6407263294422828
472.0087939380354,0.64155844155844155,0.6407263294422828
472.0087939380354,0.6428571428571429,0.642023346303502
473.4196524375701,0.6428571428571429,0.642023346303502
473.4196524375701,0.6441558441558441,0.6433203631647212
474.9454958232474,0.6441558441558441,0.6433203631647212
474.9454958232474,0.6454545454545455,0.6446173800259404
475.66296848911315,0.6454545454545455,0.6446173800259404
475.66296848911315,0.6467532467532467,0.6459143968871596
476.30350661521004,0.6467532467532467,0.6459143968871596
476.30350661521004,0.6480519480519481,0.6472114137483788
477.10190223941675,0.6480519480519481,0.6472114137483788
477.10190223941675,0.6493506493506493,0.648508430609598
477.53062558324734,0.6493506493506493,0.648508430609598
477.53062558324734,0.6506493506493507,0.6498054474708171
478.28204128497043,0.6506493506493507,0.6498054474708171
478.28204128497043,0.6519480519480519,0.6511024643320363
479.30650466573235,0.6519480519480519,0.6511024643320363
479.30650466573235,0.6532467532467533,0.6523994811932555
479.68244714441323,0.6532467532467533,0.6523994811932555
479.68244714441323,0.6545454545454545,0.6536964980544747
479.971024674357,0.6545454545454545,0.6536964980544747
479.971024674357,0.6558441558441559,0.6549935149156939
480.8137943630714,0.6558441558441559,0.6549935149156939
480.8137943630714,0.6571428571428571,0.6562905317769131
481.25667638974727,0.6571428571428571,0.6562905317769131
481.25667638974727,0.6584415584415585,0.6575875486381323
482.4549497243899,0.6584415584415585,0.6575875486381323
482.4549497243899,0.6597402597402597,0.6588845654993515
486.3641915576779,0.6597402597402597,0.6588845654993515
486.3641915576779,0.6610389610389611,0.6601815823605707
488.7720451709209,0.6610389610389611,0.6601815823605707
488.7720451709209,0.6623376623376623,0.6614785992217899
489.67776422147875,0.6623376623376623,0.6614785992217899
489.67776422147875,0.6636363636363637,0.6627756160830091
490.1349320854834,0.6636363636363637,0.6627756160830091
490.1349320854834,0.6649350649350649,0.6640726329442282
491.5010620166353,0.6649350649350649,0.6640726329442282
491.5010620166353,0.6662337662337663,0.6653696498054474
492.6524010250584,0.6662337662337663,0.6653696498054474
492.6524010250584,0.6675324675324675,0.6666666666666666
493.58068704673497,0.6675324675324675,0.6666666666666666
493.58068704673497,0.6688311688311688,0.6679636835278858
494.16584020151925,0.6688311688311688,0.6679636835278858
494.16584020151925,0.6701298701298701,0.669260700389105
494.6459513000015,0.6701298701298701,0.669260700389105
494.6459513000015,0.6714285714285714,0.6705577172503242
495.5946977850242,0.6714285714285714,0.6705577172503242
495.5946977850242,0.6727272727272727,0.6718547341115434
496.57449383604103,0.6727272727272727,0.6718547341115434
496.57449383604103,0.674025974025974,0.6731517509727627
497.30197727522045,0.674025974025974,0.6731517509727627
497.30197727522045,0.6753246753246753,0.6744487678339819
497.66849272095743,0.6753246753246753,0.6744487678339819
497.66849272095743,0.6766233766233766,0.6757457846952011
498.3255517849842,0.6766233766233766,0.6757457846952011
498.3255517849842,0.6779220779220779,0.6770428015564203
498.59716276359535,0.6779220779220779,0.6770428015564203
498.59716276359535,0.6792207792207792,0.6783398184176395
499.0696939839928,0.6792207792207792,0.6783398184176395
499.0696939839928,0.6805194805194805,0.6796368352788587
499.50468774530475,0.6805194805194805,0.6796368352788587
499.50468774530475,0.6818181818181818,0.6809338521400778
500.25419420631533,0.6818181818181818,0.6809338521400778
500.25419420631533,0.6831168831168831,0.682230869001297
500.55924384225654,0.6831168831168831,0.682230869001297
500.55924384225654,0.6844155844155844,0.6835278858625162
500.9996201010264,0.6844155844155844,0.6835278858625162
500.9996201010264,0.6857142857142857,0.6848249027237354
502.5738764752598,0.6857142857142857,0.6848249027237354
502.5738764752598,0.687012987012987,0.6861219195849546
502.9580689544207,0.687012987012987,0.6861219195849546
502.9580689544207,0.6883116883116883,0.6874189364461738
505.59794317377975,0.6883116883116883,0.6874189364461738
505.59794317377975,0.6896103896103896,0.688715953307393
506.4982558905202,0.6896103896103896,0.688715953307393
506.4982558905202,0.6909090909090909,0.6900129701686122
507.47289438092406,0.6909090909090909,0.6900129701686122
507.47289438092406,0.6922077922077922,0.6913099870298314
508.19404500951146,0.6922077922077922,0.6913099870298314
508.19404500951146,0.6935064935064935,0.6926070038910506
509.76135836873175,0.6935064935064935,0.6926070038910506
509.76135836873175,0.6948051948051948,0.6939040207522698
511.47571757668027,0.6948051948051948,0.6939040207522698
511.47571757668027,0.6961038961038961,0.695201037613489
512.1416944362002,0.6961038961038961,0.695201037613489
512.1416944362002,0.6974025974025974,0.6964980544747081
513.6719099094389,0.6974025974025974,0.6964980544747081
513.6719099094389,0.6987012987012987,0.6977950713359273
515.0423545944998,0.6987012987012987,0.6977950713359273
515.0423545944998,0.7,0.6990920881971465
515.8582428057789,0.7,0.6990920881971465
515.8582428057789,0.7012987012987013,0.7003891050583657
516.5168709871131,0.7012987012987013,0.7003891050583657
516.5168709871131,0.7025974025974026,0.7016861219195849
517.690278847813,0.7025974025974026,0.7016861219195849
517.690278847813,0.7038961038961039,0.7029831387808041
518.0597168865411,0.7038961038961039,0.7029831387808041
518.0597168865411,0.7051948051948052,0.7042801556420234
518.9623334560121,0.7051948051948052,0.7042801556420234
518.9623334560121,0.7064935064935065,0.7055771725032426
519.3913415730418,0.7064935064935065,0.7055771725032426
519.3913415730418,0.7077922077922078,0.7068741893644618
521.4166877996653,0.7077922077922078,0.7068741893644618
521.4166877996653,0.7090909090909091,0.708171206225681
522.253096685407,0.7090909090909091,0.708171206225681
522.253096685407,0.7103896103896103,0.7094682230869002
525.2301665929565,0.7103896103896103,0.7094682230869002
525.2301665929565,0.7116883116883117,0.7107652399481194
526.7775731388894,0.7116883116883117,0.7107652399481194
526.7775731388894,0.712987012987013,0.7120622568093385
527.4920805981883,0.712987012987013,0.7120622568093385
527.4920805981883,0.7142857142857143,0.7133592736705577
528.9575199133889,0.7142857142857143,0.7133592736705577
528.9575199133889,0.7155844155844155,0.7146562905317769
529.8090340517435,0.7155844155844155,0.7146562905317769
529.8090340517435,0.7168831168831169,0.7159533073929961
530.7669486379378,0.7168831168831169,0.7159533073929961
530.7669486379378,0.7181818181818181,0.7172503242542153
533.0424161370328,0.7181818181818181,0.7172503242542153
533.0424161370328,0.7194805194805195,0.7185473411154345
533.7984152332346,0.7194805194805195,0.7185473411154345
533.7984152332346,0.7207792207792207,0.7198443579766537
536.0620582042222,0.7207792207792207,0.7198443579766537
536.0620582042222,0.7220779220779221,0.7211413748378729
538.4629212988373,0.7220779220779221,0.7211413748378729
538.4629212988373,0.7233766233766233,0.7224383916990921
538.6974282042601,0.7233766233766233,0.7224383916990921
538.6974282042601,0.7246753246753247,0.7237354085603113
540.3312124183371,0.7246753246753247,0.7237354085603113
540.3312124183371,0.7259740259740259,0.7250324254215305
542.8032921361716,0.7259740259740259,0.7250324254215305
542.8032921361716,0.7272727272727273,0.7263294422827496
545.2316334730385,0.7272727272727273,0.7263294422827496
545.2316334730385,0.7285714285714285,0.7276264591439688
548.5569831924852,0.7285714285714285,0.7276264591439688
548.5569831924852,0.7298701298701299,0.728923476005188
549.0497921662551,0.7298701298701299,0.728923476005188
549.0497921662551,0.7311688311688311,0.7302204928664072
549.8507303344053,0.7311688311688311,0.7302204928664072
549.8507303344053,0.7324675324675325,0.7315175097276264
550.5208365113465,0.7324675324675325,0.7315175097276264
550.5208365113465,0.7337662337662337,0.7328145265888456
550.9862162971483,0.7337662337662337,0.7328145265888456
550.9862162971483,0.7350649350649351,0.7341115434500648
551.4388250095209,0.7350649350649351,0.7341115434500648
551.4388250095209,0.7363636363636363,0.7354085603112841
552.0698081549629,0.7363636363636363,0.7354085603112841
552.0698081549629,0.7376623376623377,0.7367055771725033
553.7356399338297,0.7376623376623377,0.7367055771725033
553.7356399338297,0.7389610389610389,0.7380025940337225
554.393964828598,0.7389610389610389,0.7380025940337225
554.393964828598,0.7402597402597403,0.7392996108949417
554.8540695670495,0.7402597402597403,0.7392996108949417
554.8540695670495,0.7415584415584415,0.7405966277561609
555.3947642228331,0.7415584415584415,0.7405966277561609
555.3947642228331,0.7428571428571429,0.74189364461738
555.8692158403169,0.7428571428571429,0.74189364461738
555.8692158403169,0.7441558441558441,0.7431906614785992
556.1834841432128,0.7441558441558441,0.7431906614785992
556.1834841432128,0.7454545454545455,0.7444876783398184
556.9478957905875,0.7454545454545455,0.7444876783398184
556.9478957905875,0.7467532467532467,0.7457846952010376
557.5500879170979,0.7467532467532467,0.7457846952010376
557.5500879170979,0.7480519480519481,0.7470817120622568
558.7671094684895,0.7480519480519481,0.7470817120622568
558.7671094684895,0.7493506493506493,0.748378728923476
559.706738823966,0.7493506493506493,0.748378728923476
559.706738823966,0.7506493506493507,0.7496757457846952
560.2442342717354,0.7506493506493507,0.7496757457846952
560.2442342717354,0.7519480519480519,0.7509727626459144
560.5923842962387,0.7519480519480519,0.7509727626459144
560.5923842962387,0.7532467532467533,0.7522697795071336
561.1929171614563,0.7532467532467533,0.7522697795071336
561.1929171614563,0.7545454545454545,0.7535667963683528
561.8559894210341,0.7545454545454545,0.7535667963683528
561.8559894210341,0.7558441558441559,0.754863813229572
562.6577480051535,0.7558441558441559,0.754863813229572
562.6577480051535,0.7571428571428571,0.7561608300907912
562.9462702711826,0.7571428571428571,0.7561608300907912
562.9462702711826,0.7584415584415585,0.7574578469520103
564.224516368536,0.7584415584415585,0.7574578469520103
564.224516368536,0.7597402597402597,0.7587548638132295
564.7285158079778,0.7597402597402597,0.7587548638132295
564.7285158079778,0.7610389610389611,0.7600518806744487
565.1524079297283,0.7610389610389611,0.7600518806744487
565.1524079297283,0.7623376623376623,0.7613488975356679
567.0334339552969,0.7623376623376623,0.7613488975356679
567.0334339552969,0.7636363636363637,0.7626459143968871
568.4064229076533,0.7636363636363637,0.7626459143968871
568.4064229076533,0.7649350649350649,0.7639429312581063
570.1082921118032,0.7649350649350649,0.7639429312581063
570.1082921118032,0.7662337662337663,0.7652399481193255
570.5270715802613,0.7662337662337663,0.7652399481193255
570.5270715802613,0.7675324675324675,0.7665369649805448
575.1115309444599,0.7675324675324675,0.7665369649805448
575.1115309444599,0.7688311688311689,0.767833981841764
577.2357556673448,0.7688311688311689,0.767833981841764
577.2357556673448,0.7701298701298701,0.7691309987029832
577.491244816387,0.7701298701298701,0.7691309987029832
577.491244816387,0.7714285714285715,0.7704280155642024
578.7511894056773,0.7714285714285715,0.7704280155642024
578.7511894056773,0.7727272727272727,0.7717250324254216
579.2648963805838,0.7727272727272727,0.7717250324254216
579.2648963805838,0.7740259740259741,0.7730220492866408
579.7740633250362,0.7740259740259741,0.7730220492866408
579.7740633250362,0.7753246753246753,0.77431906614786
580.1683259686039,0.7753246753246753,0.77431906614786
580.1683259686039,0.7766233766233767,0.7756160830090791
580.4944975996046,0.7766233766233767,0.7756160830090791
580.4944975996046,0.7779220779220779,0.7769130998702983
581.3156856260374,0.7779220779220779,0.7769130998702983
581.3156856260374,0.7792207792207793,0.7782101167315175
581.803684789485,0.7792207792207793,0.7782101167315175
581.803684789485,0.7805194805194805,0.7795071335927367
582.5720388138914,0.7805194805194805,0.7795071335927367
582.5720388138914,0.7818181818181819,0.7808041504539559
583.1457047800012,0.7818181818181819,0.7808041504539559
583.1457047800012,0.7831168831168831,0.7821011673151751
583.8890740297448,0.7831168831168831,0.7821011673151751
583.8890740297448,0.7844155844155845,0.7833981841763943
584.3124967287978,0.7844155844155845,0.7833981841763943
584.3124967287978,0.7857142857142857,0.7846952010376135
584.8292501904707,0.7857142857142857,0.7846952010376135
584.8292501904707,0.787012987012987,0.7859922178988327
585.6826441879832,0.787012987012987,0.7859922178988327
585.6826441879832,0.7883116883116883,0.7872892347600519
586.2962132595627,0.7883116883116883,0.7872892347600519
586.2962132595627,0.7896103896103897,0.788586251621271
586.5569466714368,0.7896103896103897,0.788586251621271
586.5569466714368,0.7909090909090909,0.7898832684824902
586.6355414840066,0.7909090909090909,0.7898832684824902
586.6355414840066,0.7922077922077922,0.7911802853437094
587.274673480696,0.7922077922077922,0.7911802853437094
587.274673480696,0.7935064935064935,0.7924773022049286
587.6263185237127,0.7935064935064935,0.7924773022049286
587.6263185237127,0.7948051948051948,0.7937743190661478
588.1138872583657,0.7948051948051948,0.7937743190661478
588.1138872583657,0.7961038961038961,0.795071335927367
588.3538829764211,0.7961038961038961,0.795071335927367
588.3538829764211,0.7974025974025974,0.7963683527885862
588.569414913436,0.7974025974025974,0.7963683527885862
588.569414913436,0.7987012987012987,0.7976653696498055
588.80491864397,0.7987012987012987,0.7976653696498055
588.80491864397,0.8,0.7989623865110247
589.012428354415,0.8,0.7989623865110247
589.012428354415,0.8012987012987013,0.8002594033722439
589.3643843019257,0.8012987012987013,0.8002594033722439
589.3643843019257,0.8025974025974026,0.8015564202334631
590.6598541127926,0.8025974025974026,0.8015564202334631
590.6598541127926,0.8038961038961039,0.8028534370946823
591.7640466439473,0.8038961038961039,0.8028534370946823
591.7640466439473,0.8051948051948052,0.8041504539559015
592.5646886842587,0.8051948051948052,0.8041504539559015
592.5646886842587,0.8064935064935065,0.8054474708171206
595.6715984340499,0.8064935064935065,0.8054474708171206
595.6715984340499,0.8077922077922078,0.8067444876783398
603.1456970758933,0.8077922077922078,0.8067444876783398
603.1456970758933,0.8090909090909091,0.808041504539559
603.5871515278443,0.8090909090909091,0.808041504539559
603.5871515278443,0.8103896103896104,0.8093385214007782
604.8330077383704,0.8103896103896104,0.8093385214007782
604.8330077383704,0.8116883116883117,0.8106355382619974
605.4134507164656,0.8116883116883117,0.8106355382619974
605.4134507164656,0.812987012987013,0.8119325551232166
606.1146673119562,0.812987012987013,0.8119325551232166
606.1146673119562,0.8142857142857143,0.8132295719844358
606.9531200965785,0.8142857142857143,0.8132295719844358
606.9531200965785,0.8155844155844156,0.814526588845655
608.9304131592454,0.8155844155844156,0.814526588845655
608.9304131592454,0.8168831168831169,0.8158236057068742
610.1767065170181,0.8168831168831169,0.8158236057068742
610.1767065170181,0.8181818181818182,0.8171206225680934
610.8822803618086,0.8181818181818182,0.8171206225680934
610.8822803618086,0.8194805194805195,0.8184176394293126
612.3650760134485,0.8194805194805195,0.8184176394293126
612.3650760134485,0.8207792207792208,0.8197146562905318
613.9467338510791,0.8207792207792208,0.8197146562905318
613.9467338510791,0.8220779220779221,0.8210116731517509
616.614509301663,0.8220779220779221,0.8210116731517509
616.614509301663,0.8233766233766234,0.8223086900129701
617.5359413051847,0.8233766233766234,0.8223086900129701
617.5359413051847,0.8246753246753247,0.8236057068741893
618.162236331272,0.8246753246753247,0.8236057068741893
618.162236331272,0.825974025974026,0.8249027237354085
619.4999707293348,0.825974025974026,0.8249027237354085
619.4999707293348,0.8272727272727273,0.8261997405966277
622.4875879903124,0.8272727272727273,0.8261997405966277
622.4875879903124,0.8285714285714286,0.8274967574578469
622.7524775540395,0.8285714285714286,0.8274967574578469
622.7524775540395,0.8298701298701299,0.8287937743190662
623.1606616466688,0.8298701298701299,0.8287937743190662
623.1606616466688,0.8311688311688312,0.8300907911802854
623.6157004840554,0.8311688311688312,0.8300907911802854
623.6157004840554,0.8324675324675325,0.8313878080415046
623.8473990339335,0.8324675324675325,0.8313878080415046
623.8473990339335,0.8337662337662337,0.8326848249027238
624.1254639825728,0.8337662337662337,0.8326848249027238
624.1254639825728,0.8350649350649351,0.833981841763943
624.9843789345019,0.8350649350649351,0.833981841763943
624.9843789345019,0.8363636363636363,0.8352788586251622
625.4471959992607,0.8363636363636363,0.8352788586251622
625.4471959992607,0.8376623376623377,0.8365758754863813
627.8194520049929,0.8376623376623377,0.8365758754863813
627.8194520049929,0.8389610389610389,0.8378728923476005
630.9037398075933,0.8389610389610389,0.8378728923476005
630.9037398075933,0.8402597402597403,0.8391699092088197
632.1713197614877,0.8402597402597403,0.8391699092088197
632.1713197614877,0.8415584415584415,0.8404669260700389
632.6606923577293,0.8415584415584415,0.8404669260700389
632.6606923577293,0.8428571428571429,0.8417639429312581
633.4134958873069,0.8428571428571429,0.8417639429312581
633.4134958873069,0.8441558441558441,0.8430609597924773
634.707853374271,0.8441558441558441,0.8430609597924773
634.707853374271,0.8454545454545455,0.8443579766536965
635.3806051303145,0.8454545454545455,0.8443579766536965
635.3806051303145,0.8467532467532467,0.8456549935149157
635.9395121947275,0.8467532467532467,0.8456549935149157
635.9395121947275,0.8480519480519481,0.8469520103761349
636.5778961945025,0.8480519480519481,0.8469520103761349
636.5778961945025,0.8493506493506493,0.8482490272373541
637.0872708270763,0.8493506493506493,0.8482490272373541
637.0872708270763,0.8506493506493507,0.8495460440985733
637.5538952153962,0.8506493506493507,0.8495460440985733
637.5538952153962,0.8519480519480519,0.8508430609597925
638.2917263503314,0.8519480519480519,0.8508430609597925
638.2917263503314,0.8532467532467533,0.8521400778210116
638.5185739342028,0.8532467532467533,0.8521400778210116
638.5185739342028,0.8545454545454545,0.8534370946822308
639.4292028903837,0.8545454545454545,0.8534370946822308
639.4292028903837,0.8558441558441559,0.85473411154345
640.225158102424,0.8558441558441559,0.85473411154345
640.225158102424,0.8571428571428571,0.8560311284046692
640.8726441222942,0.8571428571428571,0.8560311284046692
640.8726441222942,0.85844155844155845,0.8573281452658884
641.7310593353853,0.85844155844155845,0.8573281452658884
641.7310593353853,0.8597402597402597,0.8586251621271076
642.9115578128224,0.8597402597402597,0.8586251621271076
642.9115578128224,0.861038961038961,0.8599221789883269
643.609560543729,0.861038961038961,0.8599221789883269
643.609560543729,0.8623376623376623,0.8612191958495461
644.5353863161909,0.8623376623376623,0.8612191958495461
644.5353863161909,0.8636363636363636,0.8625162127107653
645.2840301278299,0.8636363636363636,0.8625162127107653
645.2840301278299,0.8649350649350649,0.8638132295719845
645.7562316712578,0.8649350649350649,0.8638132295719845
645.7562316712578,0.8662337662337662,0.8651102464332037
646.9372738697316,0.8662337662337662,0.8651102464332037
646.9372738697316,0.8675324675324675,0.8664072632944229
648.0889971722199,0.8675324675324675,0.8664072632944229
648.0889971722199,0.8688311688311688,0.867704280155642
648.923110364897,0.8688311688311688,0.867704280155642
648.923110364897,0.8701298701298701,0.8690012970168612
650.2282161602293,0.8701298701298701,0.8690012970168612
650.2282161602293,0.8714285714285714,0.8702983138780804
653.2588934319492,0.8714285714285714,0.8702983138780804
653.2588934319492,0.8727272727272727,0.8715953307392996
657.5058594402019,0.8727272727272727,0.8715953307392996
657.5058594402019,0.874025974025974,0.8728923476005188
660.9578499690251,0.874025974025974,0.8728923476005188
660.9578499690251,0.8753246753246753,0.874189364461738
661.4896947771341,0.8753246753246753,0.874189364461738
661.4896947771341,0.8766233766233766,0.8754863813229572
662.6482074475141,0.8766233766233766,0.8754863813229572
662.6482074475141,0.8779220779220779,0.8767833981841764
663.0913039159767,0.8779220779220779,0.8767833981841764
663.0913039159767,0.8792207792207792,0.8780804150453956
665.3584549440011,0.8792207792207792,0.8780804150453956
665.3584549440011,0.8805194805194805,0.8793774319066148
667.2262662828853,0.8805194805194805,0.8793774319066148
667.2262662828853,0.8818181818181818,0.880674448767834
668.7480558446887,0.8818181818181818,0.880674448767834
668.7480558446887,0.8831168831168831,0.8819714656290532
669.9258682561472,0.8831168831168831,0.8819714656290532
669.9258682561472,0.8844155844155844,0.8832684824902723
670.8551110204128,0.8844155844155844,0.8832684824902723
670.8551110204128,0.8857142857142857,0.8845654993514915
671.5683806719801,0.8857142857142857,0.8845654993514915
671.5683806719801,0.887012987012987,0.8858625162127107
672.813418840221,0.887012987012987,0.8858625162127107
672.813418840221,0.8883116883116883,0.8871595330739299
674.5437163347634,0.8883116883116883,0.8871595330739299
674.5437163347634,0.8896103896103896,0.8884565499351491
675.1636111490427,0.8896103896103896,0.8884565499351491
675.1636111490427,0.8909090909090909,0.8897535667963683
675.690503105639,0.8909090909090909,0.8897535667963683
675.690503105639,0.8922077922077922,0.8910505836575876
677.9431435080721,0.8922077922077922,0.8910505836575876
677.9431435080721,0.8935064935064935,0.8923476005188068
678.3823598450051,0.8935064935064935,0.8923476005188068
678.3823598450051,0.8948051948051948,0.893644617380026
679.2769048463834,0.8948051948051948,0.893644617380026
679.2769048463834,0.8961038961038961,0.8949416342412452
679.6622728023879,0.8961038961038961,0.8949416342412452
679.6622728023879,0.8974025974025974,0.8962386511024644
684.6797495623855,0.8974025974025974,0.8962386511024644
684.6797495623855,0.8987012987012987,0.8975356679636836
688.2843530123426,0.8987012987012987,0.8975356679636836
688.2843530123426,0.9,0.89883268482490275
689.5391116801479,0.9,0.89883268482490275
689.5391116801479,0.9012987012987013,0.9001297016861219
689.8711383906543,0.9012987012987013,0.9001297016861219
689.8711383906543,0.9025974025974026,0.9014267185473411
690.8641585056845,0.9025974025974026,0.9014267185473411
690.8641585056845,0.9038961038961039,0.9027237354085603
692.9702677825367,0.9038961038961039,0.9027237354085603
692.9702677825367,0.9051948051948052,0.9040207522697795
693.2251335892222,0.9051948051948052,0.9040207522697795
693.2251335892222,0.9064935064935065,0.9053177691309987
694.1170377339156,0.9064935064935065,0.9053177691309987
694.1170377339156,0.9077922077922078,0.9066147859922179
695.7903715773186,0.9077922077922078,0.9066147859922179
695.7903715773186,0.9090909090909091,0.9079118028534371
696.6744650782698,0.9090909090909091,0.9079118028534371
696.6744650782698,0.9103896103896104,0.9092088197146563
697.6007071434929,0.9103896103896104,0.9092088197146563
697.6007071434929,0.9116883116883117,0.9105058365758755
699.9087345032759,0.9116883116883117,0.9105058365758755
699.9087345032759,0.912987012987013,0.9118028534370947
700.9317860410772,0.912987012987013,0.9118028534370947
700.9317860410772,0.9142857142857143,0.9130998702983139
701.0813789177121,0.9142857142857143,0.9130998702983139
701.0813789177121,0.9155844155844156,0.914396887159533
702.5045026369346,0.9155844155844156,0.914396887159533
702.5045026369346,0.9168831168831169,0.9156939040207522
703.0998212864773,0.9168831168831169,0.9156939040207522
703.0998212864773,0.9181818181818182,0.9169909208819714
705.0148611018817,0.9181818181818182,0.9169909208819714
705.0148611018817,0.9194805194805195,0.9182879377431906
705.2834580623271,0.9194805194805195,0.9182879377431906
705.2834580623271,0.9207792207792208,0.9195849546044098
706.6089718700939,0.9207792207792208,0.9195849546044098
706.6089718700939,0.922077922077922,0.920881971465629
707.3545659194056,0.922077922077922,0.920881971465629
707.3545659194056,0.9233766233766234,0.9221789883268483
708.4900950226302,0.9233766233766234,0.9221789883268483
708.4900950226302,0.9246753246753247,0.9234760051880675
709.2158687437313,0.9246753246753247,0.9234760051880675
709.2158687437313,0.925974025974026,0.9247730220492867
709.6196955160765,0.925974025974026,0.9247730220492867
709.6196955160765,0.9272727272727272,0.9260700389105059
710.141727922336,0.9272727272727272,0.9260700389105059
710.141727922336,0.9285714285714286,0.9273670557717251
710.720779682528,0.9285714285714286,0.9273670557717251
710.720779682528,0.9298701298701298,0.9286640726329443
712.4417620741867,0.9298701298701298,0.9286640726329443
712.4417620741867,0.9311688311688312,0.9299610894941635
714.2322467446659,0.9311688311688312,0.9299610894941635
714.2322467446659,0.9324675324675324,0.9312581063553826
714.6741587386134,0.9324675324675324,0.9312581063553826
714.6741587386134,0.9337662337662338,0.9325551232166018
715.5406387423272,0.9337662337662338,0.9325551232166018
715.5406387423272,0.935064935064935,0.933852140077821
715.9569523351629,0.935064935064935,0.933852140077821
715.9569523351629,0.9363636363636364,0.9351491569390402
718.0505451081824,0.9363636363636364,0.9351491569390402
718.0505451081824,0.9376623376623376,0.9364461738002594
718.4884758323873,0.9376623376623376,0.9364461738002594
718.4884758323873,0.938961038961039,0.9377431906614786
718.93331843278,0.938961038961039,0.9377431906614786
718.93331843278,0.9402597402597402,0.9390402075226978
719.7611409987894,0.9402597402597402,0.9390402075226978
719.7611409987894,0.9415584415584416,0.940337224383917
722.4765692311634,0.9415584415584416,0.940337224383917
722.4765692311634,0.9428571428571428,0.9416342412451362
723.4856817840741,0.9428571428571428,0.9416342412451362
723.4856817840741,0.9441558441558442,0.9429312581063554
723.7920181358143,0.9441558441558442,0.9429312581063554
723.7920181358143,0.9454545454545454,0.9442282749675746
724.5267963715326,0.9454545454545454,0.9442282749675746
724.5267963715326,0.9467532467532468,0.9455252918287937
726.0863631174063,0.9467532467532468,0.9455252918287937
726.0863631174063,0.948051948051948,0.9468223086900129
726.8303791336967,0.948051948051948,0.9468223086900129
726.8303791336967,0.9493506493506494,0.9481193255512321
728.1317283030459,0.9493506493506494,0.9481193255512321
728.1317283030459,0.9506493506493506,0.9494163424124513
728.4212277157292,0.9506493506493506,0.9494163424124513
728.4212277157292,0.951948051948052,0.9507133592736705
728.8794500981188,0.951948051948052,0.9507133592736705
728.8794500981188,0.9532467532467532,0.9520103761348897
729.0809501612298,0.9532467532467532,0.9520103761348897
729.0809501612298,0.9545454545454546,0.953307392996109
729.1670555116348,0.9545454545454546,0.953307392996109
729.1670555116348,0.9558441558441558,0.9546044098573282
729.4045474296098,0.9558441558441558,0.9546044098573282
729.4045474296098,0.9571428571428572,0.9559014267185474
729.7854307494798,0.9571428571428572,0.9559014267185474
729.7854307494798,0.9584415584415584,0.9571984435797666
730.4832646937961,0.9584415584415584,0.9571984435797666
730.4832646937961,0.9597402597402598,0.9584954604409858
731.470617374932,0.9597402597402598,0.9584954604409858
731.470617374932,0.961038961038961,0.959792477302205
733.629380852373,0.961038961038961,0.959792477302205
733.629380852373,0.9623376623376624,0.9610894941634242
735.5770617368557,0.9623376623376624,0.9610894941634242
735.5770617368557,0.9636363636363636,0.9623865110246433
736.358127641373,0.9636363636363636,0.9623865110246433
736.358127641373,0.964935064935065,0.9636835278858625
737.648367498436,0.964935064935065,0.9636835278858625
737.648367498436,0.9662337662337662,0.9649805447470817
738.798308385569,0.9662337662337662,0.9649805447470817
738.798308385569,0.9675324675324676,0.9662775616083009
739.6469137992112,0.9675324675324676,0.9662775616083009
739.6469137992112,0.9688311688311688,0.9675745784695201
741.4772530173451,0.9688311688311688,0.9675745784695201
741.4772530173451,0.9701298701298702,0.9688715953307393
742.3200793906826,0.9701298701298702,0.9688715953307393
742.3200793906826,0.9714285714285714,0.9701686121919585
743.1645486687521,0.9714285714285714,0.9701686121919585
743.1645486687521,0.9727272727272728,0.9714656290531777
745.8147928060976,0.9727272727272728,0.9714656290531777
745.8147928060976,0.974025974025974,0.9727626459143969
746.1772417766492,0.974025974025974,0.9727626459143969
746.1772417766492,0.9753246753246754,0.9740596627756161
748.1736074766638,0.9753246753246754,0.9740596627756161
748.1736074766638,0.9766233766233766,0.9753566796368353
748.4281125953119,0.9766233766233766,0.9753566796368353
748.4281125953119,0.977922077922078,0.9766536964980544
749.7552743478309,0.977922077922078,0.9766536964980544
749.7552743478309,0.9792207792207792,0.9779507133592736
750.8853873442079,0.9792207792207792,0.9779507133592736
750.8853873442079,0.9805194805194806,0.9792477302204928
751.9395767464242,0.9805194805194806,0.9792477302204928
751.9395767464242,0.9818181818181818,0.980544747081712
752.7077059011801,0.9818181818181818,0.980544747081712
752.7077059011801,0.9831168831168832,0.9818417639429312
756.1589064267941,0.9831168831168832,0.9818417639429312
756.1589064267941,0.9844155844155844,0.9831387808041504
757.1319121914776,0.9844155844155844,0.9831387808041504
757.1319121914776,0.9857142857142858,0.9844357976653697
759.6413100460284,0.9857142857142858,0.9844357976653697
759.6413100460284,0.987012987012987,0.9857328145265889
761.0152398367343,0.987012987012987,0.9857328145265889
761.0152398367343,0.9883116883116884,0.9870298313878081
761.6245388333875,0.9883116883116884,0.9870298313878081
761.6245388333875,0.9896103896103896,0.9883268482490273
762.4762268733529,0.9896103896103896,0.9883268482490273
762.4762268733529,0.990909090909091,0.9896238651102465
764.1295055159746,0.990909090909091,0.9896238651102465
764.1295055159746,0.9922077922077922,0.9909208819714657
765.5592486463931,0.9922077922077922,0.9909208819714657
765.5592486463931,0.9935064935064936,0.9922178988326849
766.2171736082977,0.9935064935064936,0.9922178988326849
766.2171736082977,0.9948051948051948,0.993514915693904
766.9631468714101,0.9948051948051948,0.993514915693904
766.9631468714101,0.9961038961038962,0.9948119325551232
767.4023867050021,0.9961038961038962,0.9948119325551232
767.4023867050021,0.9974025974025974,0.9961089494163424
768.1865207909561,0.9974025974025974,0.9961089494163424
768.1865207909561,0.9987012987012988,0.9974059662775616
769.5723844357269,0.9987012987012988,0.9974059662775616
769.5723844357269,1,0.9987029831387808
771.2196399832828,1,0.9987029831387808
